,patient_id,admitted_itu,died,chd_code,sex,age,smoking_status
0,1421431,0,0,1.0,F,23,0.0
1,50459,0,0,0.0,M,19,0.0
2,1359784,0,0,0.0,M,56,0.0
3,1031144,0,0,0.0,F,56,0.0
4,1316105,0,0,1.0,F,23,0.0
5,1212708,0,0,0.0,M,40,0.0
6,1454,0,0,0.0,F,35,0.0
7,1331852,1,0,0.0,F,89,0.0
8,1221498,0,1,0.0,F,33,0.0
9,1212394,0,0,0.0,M,107,0.0
10,41615,0,0,0.0,F,65,0.0
11,1216482,0,0,0.0,M,54,0.0
12,1409111,0,0,0.0,F,89,0.0
13,1358454,1,0,0.0,F,89,0.0
14,1211570,0,1,0.0,M,48,0.0
15,1215287,0,1,0.0,M,38,0.0
16,181488,0,0,0.0,F,36,0.0
17,4997,1,0,0.0,F,58,0.0
18,1350509,0,0,0.0,M,56,0.0
19,1214858,0,0,0.0,M,39,0.0
20,1344795,1,0,0.0,F,89,0.0
21,1361684,0,1,1.0,F,23,0.0
22,5529,0,0,0.0,M,45,0.0
23,1321620,1,0,0.0,M,56,0.0
24,1359089,0,0,1.0,F,23,0.0
25,1341377,1,1,0.0,M,56,0.0
26,55427,0,0,0.0,F,57,0.0
27,1356679,0,0,0.0,F,89,0.0
28,1368698,0,0,0.0,M,56,0.0
29,48697,0,0,0.0,F,60,0.0
30,9315,0,0,0.0,M,69,0.0
31,9188,0,0,0.0,F,88,0.0
32,1328014,0,0,0.0,M,56,0.0
33,1357421,1,0,0.0,F,89,0.0
34,1316143,0,0,0.0,M,56,0.0
35,1362196,0,0,0.0,M,56,0.0
36,1220205,0,0,0.0,M,54,0.0
37,1332858,1,0,1.0,F,23,0.0
38,1227501,1,0,0.0,F,47,0.0
39,1327067,1,0,1.0,F,23,0.0
40,44270,0,0,0.0,F,42,0.0
41,1329642,0,0,0.0,F,89,0.0
42,1426582,0,0,1.0,F,23,0.0
43,1410066,0,0,0.0,F,89,0.0
44,1333698,0,0,0.0,M,56,0.0
45,1412,0,0,0.0,F,79,0.0
46,47212,0,0,0.0,F,54,0.0
47,2197,0,0,0.0,F,81,0.0
48,46070,0,0,0.0,M,24,0.0
49,9583,0,0,0.0,M,72,0.0
50,1215781,0,0,0.0,M,26,0.0
51,1409602,0,1,1.0,F,23,0.0
52,48477,0,0,0.0,F,62,0.0
53,1222106,0,0,0.0,F,61,0.0
54,123087,0,1,0.0,M,86,0.0
55,1212725,0,0,0.0,M,92,0.0
56,1409504,1,0,0.0,F,89,0.0
57,475769,0,0,0.0,F,88,0.0
58,1401130,0,0,1.0,F,23,0.0
59,9937,0,1,0.0,M,66,0.0
60,9425,1,0,0.0,F,44,0.0
61,1225857,0,0,0.0,F,101,0.0
62,1423426,0,0,0.0,M,56,0.0
63,1226866,0,0,0.0,F,98,0.0
64,1421311,0,0,1.0,F,23,0.0
65,1400677,0,0,0.0,F,89,0.0
66,1421883,0,0,1.0,F,23,0.0
67,5940,0,0,0.0,M,34,0.0
68,1221251,0,0,0.0,F,44,0.0
69,1214648,0,0,0.0,M,24,0.0
70,1773,0,0,0.0,F,36,0.0
71,2036,0,0,0.0,F,87,0.0
72,9015,0,0,0.0,M,31,0.0
73,1216634,1,0,0.0,M,85,0.0
74,1341378,1,0,0.0,M,56,0.0
75,1214882,0,0,0.0,M,24,0.0
76,1341701,1,0,1.0,F,23,0.0
77,1165119,0,1,0.0,M,49,1.0
78,1222069,0,0,0.0,F,45,0.0
79,42545,0,0,0.0,F,68,0.0
80,40344,0,0,0.0,F,82,0.0
81,1345143,0,0,0.0,M,56,0.0
82,1232168,0,0,0.0,F,63,0.0
83,176178,0,0,0.0,F,25,0.0
84,7184,1,0,0.0,F,70,0.0
85,49782,0,1,0.0,F,20,0.0
86,1227736,0,0,0.0,F,106,0.0
87,572,1,0,0.0,M,39,0.0
88,1317033,0,1,0.0,M,56,0.0
89,1410333,0,0,0.0,F,89,0.0
90,7928,0,1,0.0,M,51,0.0
91,1370363,0,0,0.0,F,89,0.0
92,1353067,0,0,0.0,M,56,0.0
93,1369447,0,1,0.0,F,89,0.0
94,5842,0,0,0.0,F,57,0.0
95,5755,0,1,0.0,M,88,0.0
96,1214914,1,0,0.0,M,31,0.0
97,1331456,0,0,1.0,F,23,0.0
98,1210520,0,1,0.0,M,64,0.0
99,9810,0,0,0.0,M,47,0.0
100,1360077,0,0,0.0,M,56,0.0
101,1316217,0,0,0.0,M,56,0.0
102,1315519,0,0,0.0,M,56,0.0
103,1331485,1,0,0.0,F,89,0.0
104,957,0,0,0.0,F,76,0.0
105,1355252,0,0,0.0,M,56,0.0
106,7580,0,0,0.0,M,45,0.0
107,1342005,0,0,0.0,M,56,0.0
108,1369976,0,0,0.0,M,56,0.0
109,1353387,0,0,0.0,M,56,0.0
110,1317518,1,0,0.0,F,89,0.0
111,1426670,0,0,1.0,F,23,0.0
112,1212876,0,0,0.0,M,89,0.0
113,1369395,1,0,0.0,M,56,0.0
114,1422324,0,0,1.0,F,23,0.0
115,54675,0,0,0.0,M,34,0.0
116,1343443,0,0,0.0,F,89,0.0
117,3808,1,0,0.0,F,37,0.0
118,1410264,0,0,1.0,F,23,0.0
119,1231151,1,0,0.0,F,44,0.0
120,1222217,0,0,0.0,F,60,0.0
121,1210653,0,0,0.0,M,65,0.0
122,1336757,0,0,0.0,M,56,0.0
123,1421238,1,0,1.0,F,23,0.0
124,1221550,1,0,0.0,F,44,0.0
125,1224677,0,0,0.0,F,63,0.0
126,929330,0,0,1.0,M,84,0.0
127,181304,0,0,0.0,F,33,0.0
128,4794,1,0,0.0,M,36,0.0
129,48789,0,1,0.0,F,21,0.0
130,1327245,0,0,0.0,F,89,0.0
131,1368538,0,0,0.0,M,56,0.0
132,50323,1,0,0.0,M,31,0.0
133,1219816,0,0,0.0,M,72,0.0
134,1209857,0,0,0.0,M,84,0.0
135,1214316,1,0,0.0,M,57,0.0
136,1443284,1,0,0.0,F,49,0.0
137,1315078,0,0,0.0,M,56,0.0
138,8882,1,0,0.0,F,69,0.0
139,1370532,0,0,1.0,F,23,0.0
140,1224853,0,0,0.0,F,33,0.0
141,1355216,0,0,0.0,F,89,0.0
142,1345638,0,0,0.0,F,89,0.0
143,1219637,0,0,0.0,M,41,0.0
144,1213847,0,0,0.0,M,35,0.0
145,1337184,0,0,0.0,M,56,0.0
146,47124,1,0,0.0,M,63,0.0
147,1353184,0,0,1.0,F,23,0.0
148,1278016,0,0,0.0,F,51,0.0
149,1975,0,0,0.0,M,93,0.0
150,1413439,0,0,0.0,F,89,0.0
151,1316862,1,0,0.0,F,89,0.0
152,1422744,0,0,1.0,F,23,0.0
153,1368844,0,0,1.0,F,23,0.0
154,9552,0,0,0.0,M,31,0.0
155,904326,0,0,0.0,F,60,0.0
156,1364009,0,0,0.0,M,56,0.0
157,42044,0,0,0.0,F,69,0.0
158,40785,0,0,0.0,M,44,0.0
159,1269,1,0,0.0,M,30,0.0
160,1220243,0,0,0.0,M,88,0.0
161,17349,0,0,0.0,F,43,0.0
162,1334368,0,0,0.0,M,56,0.0
163,1410368,0,1,0.0,F,89,0.0
164,1355926,0,0,1.0,F,23,0.0
165,1200621,0,1,0.0,F,67,0.0
166,1221449,0,0,0.0,F,88,0.0
167,51543,1,1,0.0,M,72,0.0
168,1321596,0,0,0.0,F,89,0.0
169,854,0,1,0.0,F,64,0.0
170,1333868,0,0,0.0,M,56,0.0
171,1490281,0,0,0.0,M,38,0.0
172,1422551,0,0,1.0,F,23,0.0
173,1217154,1,0,0.0,M,28,0.0
174,1426519,0,1,1.0,F,23,0.0
175,1220919,0,0,1.0,F,96,0.0
176,54362,0,1,0.0,M,51,0.0
177,1357002,0,0,0.0,F,89,0.0
178,1315948,0,0,0.0,M,56,0.0
179,1410698,0,0,0.0,F,89,0.0
180,1327991,0,1,1.0,F,23,0.0
181,1423198,0,0,0.0,M,56,0.0
182,1317657,0,0,0.0,M,56,0.0
183,4396,0,0,0.0,F,91,0.0
184,1403766,0,1,0.0,M,56,0.0
185,8318,0,0,0.0,F,50,0.0
186,1228191,0,0,0.0,M,20,0.0
187,42323,0,0,0.0,F,52,0.0
188,1423339,1,0,0.0,M,56,0.0
189,6056,0,0,0.0,M,73,0.0
190,1316457,0,0,0.0,M,56,0.0
191,53497,0,0,0.0,M,83,0.0
192,1222235,0,0,0.0,F,47,0.0
193,43769,0,0,0.0,M,26,0.0
194,9899,0,0,0.0,M,34,0.0
195,1229610,0,0,0.0,F,35,0.0
196,1328979,0,0,0.0,M,56,0.0
197,43326,1,0,0.0,M,52,0.0
198,1033106,0,0,0.0,M,22,0.0
199,1413794,1,0,1.0,F,23,0.0
200,3811,0,1,0.0,M,102,0.0
201,49502,0,1,0.0,M,55,0.0
202,1328405,1,0,1.0,F,23,0.0
203,4025,1,0,0.0,M,54,0.0
204,1422270,1,0,1.0,F,23,0.0
205,41112,0,0,0.0,F,72,0.0
206,54238,1,0,0.0,M,22,0.0
207,1222426,0,1,0.0,F,83,0.0
208,1230375,0,1,0.0,F,71,0.0
209,1358341,0,0,1.0,F,23,0.0
210,41145,0,0,0.0,M,51,0.0
211,1364080,0,1,0.0,M,56,0.0
212,1213231,1,0,0.0,M,70,0.0
213,1218371,1,0,0.0,M,41,0.0
214,1361051,0,0,0.0,M,56,0.0
215,1356553,1,0,0.0,M,56,0.0
216,1342669,0,0,0.0,M,56,0.0
217,1369789,0,0,0.0,M,56,0.0
218,1334038,0,0,1.0,F,23,0.0
219,1409197,0,0,1.0,F,23,0.0
220,1358494,0,0,0.0,M,56,0.0
221,53378,1,0,0.0,F,88,0.0
222,1428881,0,1,1.0,F,23,0.0
223,1220814,0,0,0.0,F,21,0.0
224,1356790,0,1,1.0,F,23,0.0
225,16814,0,0,0.0,M,92,0.0
226,1214626,0,0,0.0,M,66,0.0
227,1127,1,1,0.0,M,111,0.0
228,1361851,0,0,0.0,F,89,0.0
229,1356287,0,0,1.0,F,23,0.0
230,1360441,0,0,0.0,M,56,0.0
231,1316737,0,0,0.0,F,89,0.0
232,659,0,0,0.0,F,60,0.0
233,1370323,0,0,1.0,F,23,0.0
234,43826,0,0,0.0,F,27,0.0
235,1409125,0,0,1.0,F,23,0.0
236,1329590,0,0,0.0,M,10,0.0
237,1347496,0,0,0.0,M,56,0.0
238,1230729,0,0,0.0,F,54,0.0
239,1351264,1,0,0.0,F,89,0.0
240,1345647,0,0,0.0,M,56,0.0
241,1370407,0,0,1.0,F,23,0.0
242,227493,0,0,0.0,F,89,0.0
243,40707,0,0,0.0,F,55,0.0
244,254,1,0,0.0,F,59,0.0
245,1360834,0,0,0.0,M,56,0.0
246,1216820,1,0,0.0,M,50,0.0
247,1210956,0,0,0.0,M,22,0.0
248,7052,0,0,0.0,F,94,0.0
249,1216220,1,0,0.0,M,87,0.0
250,2730,1,0,0.0,M,60,0.0
251,1416616,0,0,1.0,F,23,0.0
252,1889448,0,0,0.0,F,19,0.0
253,1221838,0,0,0.0,F,61,0.0
254,1341349,0,0,1.0,F,23,0.0
255,1442787,0,1,0.0,F,26,0.0
256,1776,0,0,0.0,F,73,0.0
257,1231748,0,0,0.0,F,33,0.0
258,1220817,0,0,0.0,F,67,0.0
259,1333946,0,0,0.0,M,56,0.0
260,7044,0,0,0.0,F,82,0.0
261,279630,0,0,0.0,F,65,0.0
262,1401151,0,0,1.0,F,23,0.0
263,1222963,0,0,0.0,F,57,0.0
264,1401279,0,0,0.0,F,89,0.0
265,54289,0,0,0.0,F,23,0.0
266,44047,0,0,0.0,F,75,0.0
267,40377,0,0,0.0,F,43,0.0
268,1213206,0,0,0.0,M,96,0.0
269,6087,0,0,0.0,F,37,0.0
270,1231410,1,0,0.0,F,71,0.0
271,1212931,0,0,0.0,M,68,0.0
272,2114,0,0,0.0,F,74,0.0
273,1323065,0,0,0.0,F,89,0.0
274,1421909,1,1,1.0,F,23,0.0
275,1224027,0,0,0.0,F,51,0.0
276,42042,1,0,0.0,F,104,0.0
277,1225922,0,0,0.0,F,61,0.0
278,48071,0,0,0.0,F,29,0.0
279,6582,1,1,0.0,F,98,0.0
280,54531,0,1,0.0,F,40,0.0
281,1215700,0,0,0.0,M,33,0.0
282,1316021,0,0,1.0,F,23,0.0
283,47355,0,0,0.0,F,54,0.0
284,1773268,0,0,0.0,F,30,0.0
285,235285845,0,0,0.0,F,55,0.0
286,1342638,1,0,0.0,F,89,0.0
287,43867,0,0,0.0,M,52,0.0
288,1345232,0,0,0.0,F,89,0.0
289,592,0,0,0.0,M,50,0.0
290,1346889,0,0,0.0,M,56,0.0
291,1361744,0,0,0.0,M,56,0.0
292,53796,0,0,0.0,M,24,0.0
293,1334787,0,0,0.0,F,89,0.0
294,1478579,0,0,0.0,M,38,0.0
295,647,0,0,0.0,F,95,0.0
296,1225318,0,0,0.0,F,67,0.0
297,1213225,1,0,0.0,M,40,0.0
298,1369741,0,0,1.0,F,23,0.0
299,1356028,0,0,0.0,F,89,0.0
300,4721,1,0,0.0,F,56,0.0
301,1421709,0,0,1.0,F,23,0.0
302,1321348,0,0,0.0,F,89,0.0
303,1344589,0,0,0.0,F,89,0.0
304,3001,1,0,0.0,M,90,0.0
305,1327216,0,0,0.0,F,89,0.0
306,1427775,0,0,0.0,M,56,0.0
307,1225417,0,1,0.0,F,89,0.0
308,1409445,0,0,1.0,F,23,0.0
309,1210192,0,0,0.0,M,77,0.0
310,3273,0,0,0.0,F,71,0.0
311,1355968,0,0,1.0,F,23,0.0
312,9723,0,0,0.0,F,67,0.0
313,1444311,0,0,0.0,F,43,0.0
314,1335196,1,0,0.0,F,89,0.0
315,1231894,0,0,0.0,F,99,0.0
316,1422383,0,1,1.0,F,23,0.0
317,1223498,0,0,0.0,F,48,0.0
318,1216993,0,0,0.0,M,92,0.0
319,1353239,0,0,0.0,F,89,0.0
320,1316187,0,0,0.0,M,56,0.0
321,1399915,1,0,0.0,F,89,0.0
322,52666,0,1,0.0,M,67,0.0
323,1209966,0,0,0.0,M,97,0.0
324,45812,1,0,0.0,F,21,0.0
325,7273,0,0,0.0,M,61,0.0
326,1345047,0,0,0.0,M,56,0.0
327,1416696,0,0,1.0,F,23,0.0
328,1335178,1,0,1.0,F,23,0.0
329,1317363,0,1,0.0,F,89,0.0
330,1324216,0,0,1.0,F,23,0.0
331,1344830,0,0,0.0,F,89,0.0
332,1401194,0,0,0.0,M,56,0.0
333,7604,1,0,0.0,M,43,0.0
334,40800,0,0,0.0,F,31,0.0
335,3655,0,0,0.0,F,57,0.0
336,1355947,0,0,1.0,F,23,0.0
337,1210712,0,0,0.0,M,89,0.0
338,1413295,0,0,0.0,F,89,0.0
339,1446773,0,0,0.0,M,51,0.0
340,1384,0,0,0.0,M,78,0.0
341,1416402,0,0,1.0,F,23,0.0
342,1212768,0,0,0.0,M,37,0.0
343,1218907,0,0,0.0,M,31,0.0
344,1353204,0,0,0.0,F,89,0.0
345,1369220,0,0,0.0,M,56,0.0
346,1220077,0,0,0.0,M,97,0.0
347,47816,0,0,0.0,M,63,0.0
348,1343721,0,0,1.0,F,23,0.0
349,1415133,1,0,1.0,F,23,0.0
350,1399949,0,0,0.0,F,89,0.0
351,1361257,0,0,0.0,F,89,0.0
352,1225325,0,0,0.0,F,86,0.0
353,1212374,0,0,0.0,M,49,0.0
354,1225140,0,0,0.0,F,65,0.0
355,1421591,1,0,1.0,F,23,0.0
356,1218156,0,0,0.0,M,63,0.0
357,1218524,0,0,0.0,M,70,0.0
358,1229027,0,0,0.0,F,72,0.0
359,43753,0,0,0.0,M,56,1.0
360,5485,0,0,0.0,F,63,0.0
361,1213002,0,0,0.0,M,53,0.0
362,1328344,0,0,0.0,F,89,0.0
363,1213402,0,0,1.0,M,88,0.0
364,4534,0,0,0.0,F,72,0.0
365,1317788,0,0,0.0,M,56,0.0
366,1416403,0,0,1.0,F,23,0.0
367,1224993,0,0,0.0,F,55,0.0
368,1352455,0,0,0.0,F,89,0.0
369,1217865,0,0,0.0,M,37,0.0
370,43406,0,0,0.0,F,74,0.0
371,1363824,0,0,0.0,M,56,0.0
372,3717,0,1,0.0,F,47,0.0
373,5123,1,0,0.0,F,99,0.0
374,1421946,0,0,1.0,F,23,0.0
375,43473,1,0,0.0,M,49,0.0
376,4158,0,0,0.0,F,62,0.0
377,2566,0,0,0.0,F,48,0.0
378,1359757,0,0,0.0,F,89,0.0
379,1219115,0,0,0.0,M,33,0.0
380,1399977,1,0,1.0,F,23,0.0
381,54059,0,0,0.0,F,93,0.0
382,1343730,0,1,0.0,F,89,0.0
383,1224205,0,0,0.0,F,21,0.0
384,1369546,0,0,0.0,F,89,0.0
385,1210766,0,0,0.0,M,64,0.0
386,1423512,0,0,0.0,M,56,0.0
387,42949,0,0,0.0,F,30,0.0
388,1333845,1,0,0.0,F,89,0.0
389,1347265,1,1,0.0,F,89,0.0
390,43597,0,0,0.0,M,20,1.0
391,1490203,0,0,0.0,M,31,0.0
392,6626,0,0,0.0,M,43,0.0
393,55448,1,0,0.0,F,100,0.0
394,4151,1,0,0.0,F,98,0.0
395,1225878,0,0,0.0,F,33,0.0
396,1369423,0,1,0.0,F,89,0.0
397,72767,0,0,0.0,F,58,0.0
398,1210512,0,0,0.0,M,36,0.0
399,828,1,0,0.0,M,67,0.0
400,1360666,0,0,0.0,M,56,0.0
401,8951,0,0,0.0,M,76,0.0
402,41858,0,0,0.0,F,30,0.0
403,1327137,0,0,1.0,F,23,0.0
404,1059119,0,0,0.0,F,12,0.0
405,1227817,0,0,0.0,F,70,0.0
406,1422529,1,0,1.0,F,23,0.0
407,4094,0,0,0.0,M,59,0.0
408,1408916,0,0,1.0,F,23,0.0
409,1152,0,0,0.0,M,90,0.0
410,237448542,0,0,0.0,F,22,0.0
411,1373484,0,1,0.0,F,89,0.0
412,1211434,0,0,0.0,M,31,0.0
413,1341476,0,0,0.0,M,56,0.0
414,774,0,0,0.0,F,49,0.0
415,8084,0,0,0.0,F,56,0.0
416,1228471,0,0,0.0,F,52,0.0
417,1211091,0,0,0.0,M,28,0.0
418,1443998,0,0,0.0,F,74,0.0
419,41654,0,0,0.0,F,44,0.0
420,1331850,0,0,0.0,F,89,0.0
421,1332535,1,0,0.0,M,56,0.0
422,1092248,1,0,0.0,F,18,0.0
423,1231071,1,0,0.0,F,26,0.0
424,54656,0,0,0.0,F,58,0.0
425,55259,0,0,0.0,F,59,0.0
426,48989,1,0,0.0,F,85,0.0
427,1332896,0,0,0.0,F,89,0.0
428,1221243,0,0,0.0,F,104,0.0
429,1323845,0,0,0.0,F,89,0.0
430,1212989,0,0,0.0,M,51,0.0
431,1359628,0,1,1.0,F,23,0.0
432,1219985,0,0,0.0,M,37,1.0
433,1225739,0,0,0.0,F,30,0.0
434,3111,0,1,0.0,M,33,0.0
435,1409694,0,0,0.0,M,56,0.0
436,1218888,0,0,0.0,M,51,0.0
437,1093306,0,0,1.0,F,34,0.0
438,1426600,0,0,1.0,F,23,0.0
439,41461,1,0,0.0,M,95,0.0
440,3172,0,0,0.0,M,96,0.0
441,1422237,0,0,1.0,F,23,0.0
442,1221273,0,0,0.0,F,26,0.0
443,1355579,0,0,0.0,F,89,0.0
444,1413530,1,0,0.0,F,89,0.0
445,1353107,0,0,0.0,F,89,0.0
446,1344921,1,0,1.0,F,23,0.0
447,7152,0,1,0.0,M,35,0.0
448,1356154,0,0,0.0,M,56,0.0
449,6154,0,0,0.0,M,47,0.0
450,1370535,1,1,0.0,F,89,0.0
451,963057,0,0,0.0,M,34,0.0
452,1213332,0,0,0.0,M,68,0.0
453,15446,0,0,0.0,M,46,0.0
454,44626,0,0,0.0,M,79,0.0
455,1422462,0,0,1.0,F,23,0.0
456,1369949,0,0,0.0,M,56,0.0
457,1343262,1,0,0.0,F,89,0.0
458,53058,0,0,0.0,F,38,0.0
459,7158,0,0,0.0,F,91,0.0
460,4001,0,1,0.0,M,112,0.0
461,1332653,0,0,1.0,F,23,0.0
462,1216013,0,0,0.0,M,64,0.0
463,8685,0,0,0.0,M,85,0.0
464,1422602,0,0,1.0,F,23,0.0
465,1355175,0,0,0.0,F,89,0.0
466,1213801,0,0,0.0,M,71,0.0
467,1106,0,0,0.0,M,70,0.0
468,1363499,0,0,0.0,M,56,0.0
469,1368969,0,0,0.0,F,89,0.0
470,1355204,0,0,0.0,F,89,0.0
471,1211118,0,0,0.0,M,36,0.0
472,1214854,0,0,0.0,M,39,0.0
473,1226385,1,0,0.0,F,69,0.0
474,1415656,0,0,1.0,F,23,0.0
475,54842,0,0,0.0,M,68,0.0
476,44816,0,0,0.0,F,98,0.0
477,1231,0,0,0.0,M,95,0.0
478,1346214,0,1,0.0,F,89,0.0
479,8197,0,0,0.0,M,71,0.0
480,1210762,0,0,0.0,M,37,0.0
481,55344,0,0,0.0,M,69,0.0
482,1225512,0,0,0.0,F,45,0.0
483,1231589,0,0,0.0,F,84,0.0
484,5872,1,1,0.0,M,85,0.0
485,1410046,0,0,0.0,M,56,0.0
486,1356138,1,0,0.0,F,89,0.0
487,1343736,1,0,0.0,M,56,0.0
488,1222143,0,1,0.0,F,62,0.0
489,1343514,0,0,0.0,F,89,0.0
490,1798314,1,0,0.0,M,35,0.0
491,1342048,0,0,0.0,F,89,0.0
492,50259,1,0,0.0,F,39,0.0
493,8158,0,0,0.0,M,66,0.0
494,1356199,0,0,0.0,F,89,0.0
495,1410322,0,1,1.0,F,23,0.0
496,1401817,0,0,1.0,F,23,0.0
497,1091567,0,0,0.0,F,33,0.0
498,1229672,0,0,0.0,F,51,0.0
499,1222259,0,0,0.0,F,57,0.0
500,1334885,1,0,1.0,F,23,0.0
501,277442,0,0,0.0,F,63,0.0
502,1219148,0,0,0.0,M,35,0.0
503,1228251,1,0,0.0,F,48,0.0
504,8490,0,0,0.0,M,107,0.0
505,3363,1,0,0.0,M,100,0.0
506,1211471,0,1,1.0,M,105,0.0
507,53091,0,0,0.0,F,108,0.0
